cluster_id,cluster_rep,index_intruder_in_df,title_intruder,community_intruder,intruder_rank,in_test_intruder_location,index_0,sentence_0_text,index_1,sentence_1_text,index_2,sentence_2_text,index_3,sentence_3_text,index_4,sentence_4_text,index_5,sentence_5_text,index_6,sentence_6_text,index_7,sentence_7_text,index_8,sentence_8_text,index_9,sentence_9_text
1,כתב האישום,1757,1. רשת האינטרנט- זירת פשע וירטואלית,-1,,0,1757,1. רשת האינטרנט- זירת פשע וירטואלית,1168,כתב האישום:,636,כתב האישום והמענה לו,2247,אישום שני- איומים,2586,2.     תחילת ההליכים ותשובת הנאשם לכתב האישום,871,אישום שלישי,437,אישום ראשון – המתלוננת י.,518,רקע כללי – כתב האישום,2782,האישומים,887,אישום עשרים
1,כתב האישום,435,הרשעה במספר מקרים,-1,,0,435,הרשעה במספר מקרים,2177,2. מענה ההגנה לכתב האישום,2987,5.	התשובה לכתב האישום וגרסת הנאשם,2816,האישומים בכתב האישום המתוקן בשנית,343,התשובה לאישום,2897,הנטען בכתב האישום,2630,כתב האישום,519,העבירות בהן מואשם הנאשם,1202,כתב האישום,2049,באישום השני
2,עדויות התביעה,233,עדות האם,2,3.0,3,1852,עדות אמיל לוי:,922,"	ע""ת/3 - הגברת נחמה זמיר - המתלוננת",630,עדות המתלוננת:,233,עדות האם,1504,מצבה הנפשי של המתלוננת,3114,עדויותיהם של חבריה של המתלוננת,672,9.	אמינות גרסתה של הקטינה,1739,"אין לנו ספק בדבר התרחשותם של ארועים קשים"".",1216,עדותו של י.:,948,טכניקת החקירה של חוקרי הילדים
7,יסוד העבירה,1887,6.	דיון:,6,1.0,7,2028,נסיון לאונס:,1525,הספק הסביר,159,האם נגיעה בישבן היא מעשה מגונה,1762,5. 	מחדלי חקירה,1687,מן הכלל אל הפרט,2191,האישום במעשה סדום,1280,המישור הנורמטיבי,1887,6.	דיון:,104,עבירת מעשה מגונה:,1989,(7)	ביצוע עבירת מין בו
6,סיכום,2340,עדות המתלוננת.,2,3.0,3,2071,סיכום,1253,לסיום,308,החלטה,2340,עדות המתלוננת.,3221,העימות,167,ההליך,239,התוצאה,1197,כללי:,1686,דיון,926,6.	דיון ומסקנות:
2,עדויות התביעה,2813,סוף דבר:,8,8.0,8,1343,ידיעתה של הנאשמת,2012,2.	תלונה מיידית של המתלוננת במשטרה,700,8. עדות סעדיה (סדי) שוקרון,116,"ד""ר יהלום",2721,"	מצבה הנפשי של ח', מודעות הנאשם לכך ושליטתו בח'",2528,עדותו של אילן,1240,הסבר הנאשם לכך שהמתלוננת הצביע עליו כעבריין,1874,3.	האם היה ניסיון לסחוט את הנאשם באיומים,2813,סוף דבר:,318,עדות המתלוננת
4,ראיות התביעה,2430,אישום ראשון,-1,,4,3279,פרשת ראיות ההגנה:,1884,3.	ראיות ההגנה:,2444,פרשת ההגנה:,735,פרשת ההגנה:,2430,אישום ראשון,589,הראיות,669,"6.	טענות ב""כ הנאשם  לענין התשתית הראייתית. ",818,תמצית סיכומי המאשימה,2422,4.	החיזוקים לעדות המתלוננת:,2199,מהימנות יתר עדי ההגנה
1,כתב האישום,1997,פרשת התביעה:,4,2.0,4,1625,7.	אישום שלישי,2038,אשר לעידית (אישום מס' 2):,1151,תשובת הנאשמים:,2825,אישום עשירי,1997,פרשת התביעה:,2050,תגובת הנאשם לאישומים,2063,עובדות כתב האישום:,2361,כתב האישום,2824,אישום שמיני,271,כך באישום הראשון
3,עדות הנאשם,376,מבוא,6,1.0,4,3107,עדות הנאשם,1522,הנאשם -  גרסתו,1834,עדות הנאשם,1243,סיכום מערך הראיות והערכתו,376,מבוא,1904,מהימנות גרסאות הצדדים:,2458,עדות הנאשם,576,גירסת הנאשם,540,גרסת הנאשם,2436,עדות הנאשם
7,יסוד העבירה,2657,האם הופרו תנאי מעצר הבית - הכרעה,-1,,7,2580,דרישת הסיוע להרשעה באישום השני:,1387,הטרדה מינית:,2208,העבירה של החזקת סכין  למטרה לא כשרה,2072,העבירות המתגבשות במעשי הנאשם:,2209,העבירה של מעשה מגונה,1250,האם יחסי המין בוצעו בהסכמה,2447,תקופת ההטרדה:,2657,האם הופרו תנאי מעצר הבית - הכרעה,1733,"""מעשה מגונה""",3260,עבירת האיומים והדחה בחקירה
3,עדות הנאשם,1599,טענת הגנה: בעיות נפשיות של הנאשם,7,4.0,4,1154,דיון והערכת הראיות:,3108,הערכת עדות הנאשם,3270,עדות הנאשם,256,הנאשם לעונש:,1599,טענת הגנה: בעיות נפשיות של הנאשם,2751,התובעת:,2234,עדות הנאשם,1763,אי תיעוד חקירותיו של הנאשם,3269,עדות המתלוננת ועדויות התומכות בה,2343,גירסת הנאשם באימרתו במשטרה (ת/1).
2,עדויות התביעה,2862,עדויות הגנה נוספות,-1,,0,2862,עדויות הגנה נוספות,1339,מצבה הנפשי של מ',631,עדות אלעד סמדג'ה:,2145,"עדות הקטינה, המתלוננת (באמצעות חוקרת הילדים)",1595,חיזוק 1 - הערכת מהימנות של חוקרת הילדים  ועדותה בפני,2502,חיזוקים לגירסת המתלוננת:,1372,הערכת עדותו של רוסלן,1203,עדות המתלוננת,1593,המניע – אופניים?,543,אישום ששי – המתלוננת א.ב.ד.
1,כתב האישום,1016,העדות של ----,-1,,7,272,באשר לאישום השני,2819,אישום שלישי,694,2. תשובת הנאשם לכתב האישום,3183,אישום ראשון,1011,תשובת הנאשם לכתב האישום,1285,תשובת הנאשם לכתב האישום:,2296,תמצית כתב האישום,1016,העדות של ----,3122,עובדות כתב האישום:,3052,אישום 1
1,כתב האישום,1949,התוצאה,6,1.0,6,88,מבוא רקע ופרטי האישום,2311,כתב האישום,896,אישום שלושים,2833,אישום תשעה עשר,1692,תשובת הנאשמים לכתב האישום,903,אישום שלושים ושבעה,1949,התוצאה,2828,אישום שלושה עשר,1682,העבירות,2322,אישום שני
2,עדויות התביעה,3152,האם הילדה זיהתה את הנאשם,2,3.0,7,1555,2) גרסת המתלונת ח.ס.,2285,מהימנות המתלוננת,1340,מעשיו של הנאשם בב',3202,האירועים בזמן ההיריון השלישי,1371,הערכת עדותו של ולרי,2031,הנסיבות שהובילו למפגש בין המתלוננת לנאשם,949,האישום לגבי הקטינה ד',3152,האם הילדה זיהתה את הנאשם,702,10. עדות עד ההגנה -  שמעון אבוטבול,1317,מצבה הנפשי של המתלוננת:
8,סוף דבר,3269,עדות המתלוננת ועדויות התומכות בה,3,6.0,8,2673,סוף דבר,2813,סוף דבר:,1880,סוף דבר,1849,סוף דבר,1128,סוף דבר,730,סוף דבר,2792,סוף דבר,1535,סוף דבר,3269,עדות המתלוננת ועדויות התומכות בה,938,סוף דבר
0,הכרעת דין,184,2. תמצית ראיות הצדדים,-1,,8,1209,הכרעת דין,2439,הכרעת דין,3141,הכרעת דין,3230,הכרעת דין,1891,הכרעת דין,2347,הכרעת דין,1220,הכרעת דין,2061,הכרעת דין,184,2. תמצית ראיות הצדדים,2604,הכרעת דין
5,עדויות מטעם ההגנה,2299,פרשת המאשימה,4,2.0,1,253,טיעונים לעונש,2299,פרשת המאשימה,1780,טיעוני ההגנה,1698,יש להרשיע את זאב בעבירה של כליאת שווא,391,המסגרת הדיונית:,2710,ראיות ההגנה,1297,בחינת עדות הזיהוי,1951,4.	עיקרי ראיות המאשימה,2389,ראיות ההגנה,2163,5.	פרשת ההגנה
4,ראיות התביעה,2878,אישומים חמישי ועשרים וארבעה,-1,,5,578,ניתוח העדויות,2599,התביעה הגישה את הראיות הבאות,1886,5.	סיכומי ההגנה:,1457,טענות הצדדים,2788,גרסת ההגנה,2878,אישומים חמישי ועשרים וארבעה,2244,סיכומי ההגנה,641,עדויות תביעה נוספות,3214,2.	גדר המחלוקת,2219,3.	ראיות תביעה
4,ראיות התביעה,1778,מעשה מגונה,-1,,3,2181,9. עדות הנאשם,1712,8.		הדיון,2068,עדי הגנה נוספים:,1778,מעשה מגונה,1198,פרשת התביעה:,2067,פרשת ההגנה:,746,ראיות המאשימה,1723,ראיות התביעה:,737,טענות הצדדים:,2600,פרשת ההגנה
2,עדויות התביעה,315,הכרעת דין,0,7.0,0,315,הכרעת דין,3176,עדותו של נ.מ.,1318,התהליך המנטאלי-קוגניטיבי אותו עברה המתלוננת עד הגשת התלונה:,1365,-  חשיפת סיפור האונס הקודם של המתלוננת בפני הנאשם.,640,עדות המתלוננת,1226,"7.	עד התביעה- רס""ל יוסי שלם",1594,מהימנותו של א',747,עדות הפסיכולוגית אסתר אללוף,415,גירסת המתלוננת,1114,"עדותו של רפ""ק אהרון גלאור (להלן: ""גלאור""):"
3,עדות הנאשם,1485,החלטה,6,1.0,2,41,מהימנות הנאשם:,2618,התובע:,1485,החלטה,2967,"
גרסאות הנאשם ופרשת ההגנה",1691,הנאשם:,1082,טיעוני הנאשם:,3136,זיהוי הנאשם,1923,6.	הערכת עדות המתלוננת ועדות הנאשם,564,התרשמות כללית מעדות המתלוננת –,3192,גירסת הנאשם
6,סיכום,2751,התובעת:,3,6.0,2,2731,10.	סיכום,103,הדיון המשפטי:,2751,התובעת:,583,מבוא,1940,החלטה,1288,דיון:,307,סיכום,1190,דיון ומסקנות:,1727,הרקע,983,לסיום
6,סיכום,2041,עידית,6,1.0,6,2790,סיכום הראיות,1621,הסיוע,1843,דיון,2391,הכרעה:,740,לסיכום:,2691,דיון ומסקנות,2041,עידית,3129,דיון,752,מבוא,351,הסיוע
4,ראיות התביעה,1304,תגובת הנאשם לאישום,1,5.0,0,1304,תגובת הנאשם לאישום,1836,טענות הצדדים,2351,ראיות ההגנה:,1752,3. עדות האב,1773,הראיות,2690,טיעוני התביעה,2167,7.	יריעת המחלוקת,1005,ראיות ההגנה,2795,הראיות הרפואיות,260,פירוט ראיות החיזוק
5,עדויות מטעם ההגנה,1161,עדויות חיזוק מצד הנאשם - העדות בפנינו ואמרותיו במשטרה,3,6.0,3,2083,לאחר ההפסקה:,138,ראיות ההגנה,705,"עו""ד דייגי: זה לעניין האלכוהול. זה נכון שהיית במצב של שכרות מוחלטת? ",1161,עדויות חיזוק מצד הנאשם - העדות בפנינו ואמרותיו במשטרה,24,פרשת ההגנה,1507,קביעות עובדתיות הנוגעות לטענות שהועלו על ידי הנאשם,2207,העבירות המיוחסות לנאשם:,826,נתונים אובייקטיביים העומדים בסתירה לזיהוי,3077,"ניתוח הראיות, קביעת ממצאים והכרעה",2569,עדויות מטעם ההגנה:
8,סוף דבר,688,סיום ההליך בלא הרשעה - הכלל,7,4.0,3,3112,סוף דבר,2214,סוף דבר:,2742,סוף דבר,688,סיום ההליך בלא הרשעה - הכלל,1619,סוף דבר:,805,סוף דבר,1359,סוף דבר,2963,סוף דבר,3158,סוף דבר,1680,סוף דבר
4,ראיות התביעה,396,סיכום,6,1.0,2,2270,עדים נוספים מטעם המאשימה,633,סיכום עד כאן – עדויות התביעה:,396,סיכום,1170,גדר המחלוקת לאחר סיום שמיעת הראיות והגשת הסיכומים:,1538,ראיות ההגנה,2745,ב. העובדות שאינן במחלוקת,1922,5.	הפירכות בעדות המתלוננת.,1883,2.	ראיות המאשימה:,2676,טענות הנאשמת,652,סיכום הממצאים העובדתיים
4,ראיות התביעה,1566,תמצית הכרעת הדין  (טרם הנמקה מפורטת),4,2.0,3,1862,6.	סיכומי המאשימה,303,ראיות התביעה,2587,3.     תיקון עמדת התביעה,1566,תמצית הכרעת הדין  (טרם הנמקה מפורטת),773,ניתוח הראיות,557,2. הראיות:,1863,7.	סיכומי ההגנה,2259,עדי ההגנה הנוספים,2623,ראיות ההגנה,1962,5.   ראיות הנאשם
1,כתב האישום,180,מן הכלל אל הפרט,-1,,6,517,איסור פרסום,1749,תגובת הנאשם לכתב האישום ותיחום יריעת המחלוקת,714," א. האישום, פלוגתאות, מוסכמות ורקע:",1942,כתב האישום,2818,אישום שני,2477,העובדות לפי כתב האישום,180,מן הכלל אל הפרט,3297,כתב האישום,2834,אישום עשרים,3276,תמצית עובדות כתב האישום:
4,ראיות התביעה,2859,גרסת הנאשם בנוגע לאישום השמונה עשר,3,6.0,7,1672,ראיות התביעה,1751,2. עדות המתלוננת,1565,עדים וראיות,2760,9.	טענת העלילה,2776,ראיות ההגנה:,2242,ראיות ההגנה,2204,זירת המחלוקת וסיכומי הצדדים,2859,גרסת הנאשם בנוגע לאישום השמונה עשר,2220,4.	ראיות הגנה,551,ראיות ההגנה
3,עדות הנאשם,1122,מבוא,-1,,9,2735,גירסת הנאשם,565,8.	עדות הנאשם,647,התנהגות הנאשם בעת שהגיעו השוטרים למקום,1654,חקירת הנאשם,494,הערכת העדויות וטענות הצדדים,265,העדויות מטעם הנאשם,2472,חיזוקים חיצוניים לעדות המתלוננת:,3023,גרסת הנאשם,1455,גרסת הנאשם,1122,מבוא
0,הכרעת דין,3020,"12. 	עדות ט' ש', חברתה של ת' ד'",2,3.0,1,79,הכרעת דין,3020,"12. 	עדות ט' ש', חברתה של ת' ד'",355,הכרעת דין,2743,הכרעת דין,2131,הכרעת דין,3051,הכרעת דין,2506,הכרעת דין,956,הכרעת דין,302,הכרעת דין,1245,הכרעת דין
7,יסוד העבירה,1870,גדר המחלוקת,-1,,3,917,על הנאשם מוטלים העונשים הבאים,1732,היסוד הנפשי של העבירה:,495,הפן המשפטי,1870,גדר המחלוקת,626,לעניין התנהגותו המפלילה של הנאשם,580,"16.	הפן המשפטי: ""מבצעת בצוותא"", או שמא אך ""מסייעת""?",526,מרמה באשר למיהות העושה,654,"היסוד הנפשי - ""לשם גירוי, סיפוק או ביזוי מיניים"".   ",207,"היסוד הפיסי במעשה מגונה עפ""י ",208,היסוד הנפשי:
2,עדויות התביעה,1729,התוצאה,6,1.0,9,49,עדות המתלוננת:,3238,החיזוקים לעדות המתלוננת,2787,עדות חוקרת הילדים,1853,לעניין מצבה הנפשי של המתלוננת:,976,"עדויות ודו""חות הפעולה של השוטרים שביצעו פעולות חקירה ",3203,כחודש לפני עזיבתה את הנאשם,2465,"פרשת ההגנה - גרסת הנאשם בחקירותיו במשטרה, ועדותו בבית-המשפט: ",1946,אופן התקיפה,217,עדות חוקרת הילדים,1729,התוצאה
1,כתב האישום,850,החדרת אצבע לנרתיק ברפואה המשלימה,7,4.0,3,1331,אישום חמישי,342,כתב האישום,2822,אישום שישי,850,החדרת אצבע לנרתיק ברפואה המשלימה,693,1.  כתב האישום,2441,"העובדות עפ""י כתב האישום: ",873,אישום חמישי,2840,תשובת הנאשם לכתב האישום,894,אישום עשרים ושמונה,2348,עובדות כתב האישום:
6,סיכום,60,6. עדותו של בן הזוג,-1,,4,2611,התוצאה,377,מבוא,3263,"""חלק כללי",2001,הדיון המשפטי:,60,6. עדותו של בן הזוג,2969,סיכום,1693,חזית המחלוקת - כללי,1195,סיכום הדברים:,2814,פתח דבר,1126,דיון
2,עדויות התביעה,799,האישום השישי,1,5.0,3,2798,גרסת ש.ה. – אמו של הפעוט,2043,(3)    עדותו של בעלה של עידית  וההקלטה ת/1,2697,עד תביעה – החוקר אלכס קלנטרוב,799,האישום השישי,2467,גרסת אם המתלוננת ואשת הנאשם (ע.ה. 19) - ילנה לגוטין,2315," החקירה ביחידת הנוער חשיפה במחוז ש""י בירושלים",2468,"המומחים הרפואיים - ""שאלת הביצה והתרנגולת""",2485,החזרה מהתלונה- נ/7,2016,גרסת המתלוננת:,117,"ד""ר נעון-משיח"
1,כתב האישום,727,"האם החדיר הנאשם, במהלך האירוע, את אצבעותיו ו/או איבר מינו לאיבר מינה של המתלוננת?",2,3.0,9,2558,אישום ראשון:,359,2.	כתב האישום:,2277,אישום שלישי,2831,אישום שבעה עשר,1003,כתב האישום,2909,תגובת הנאשם לכתב האישום,2826,אשום אחד עשר,2362,תשובת הנאשם על כתב האישום ועיקרי הגנתו,2817,אישום ראשון,727,"האם החדיר הנאשם, במהלך האירוע, את אצבעותיו ו/או איבר מינו לאיבר מינה של המתלוננת?"
2,עדויות התביעה,605,הגשת התלונה,-1,,7,428,סיכום הגירסה העובדתית של הילד,93,עדות' גב' כוכבה לוי – אימם של הקטינים,113,דר' צ'רניס,701,9. עדותה של טניה (להלן: טניה/אדווה),778,עדות המתלוננת,1178,עדות אדרגאו (אדה) אברה:,229,עדות הקטינה,605,הגשת התלונה,134,אחותה של המתלוננת – א.ט:,2042,(2)   עדותה של יעל
4,ראיות התביעה,2762,בא כוח הנאשם:,-1,,9,2443,עדי התביעה:,1224,5.	עד התביעה - משה בן עמי,393,פרשת ההגנה,2106,10.	ההכרעה,3162,הראיות הנוספות,1673,ראיות ההגנה,2205,פרשת התביעה,1710,6.		סיכומי המאשימה,3215,3.	עדות המתלוננת,2762,בא כוח הנאשם:
4,ראיות התביעה,283,ע.ת. 7 – סוויד שאול,2,3.0,8,930,העדים,193,4.3. העדר מהימנות הנאשם,3218,6.	חיזוקים לעמדתי זו,2901,האישום באינוס - סקירת חומר הראיות הרלוונטי,3069,תמצית סיכומי ההגנה,2056,טיעוני התביעה:,410,סיכום טיעוני באי כח הצדדים:,932,עדויות התביעה,283,ע.ת. 7 – סוויד שאול,923,5.	ראיות ההגנה
2,עדויות התביעה,349,עדות הנאשם,3,6.0,4,2009,עד ההגנה אולג נצ'ייב,1370,אמרתו של ולרי  במשטרה,1776,עדות יעקב פרץ,1307,מהימנותה של המתלוננת,349,עדות הנאשם,115,פרופ' סילבר,2696,עד תביעה - ניסים ביטון,1719,"יצחק הררי (להלן: ""יצחק""):",2758,"7.	חשיפת האירועים ע""י המתלוננת ומצבה הנפשי",2488,אירוע האונס מיום 1.6.2012 איומים וכליאת השווא
1,כתב האישום,1322,טענת המאבקים הפוליטיים:,-1,,5,2832,אישום שמונה עשר,1304,תגובת הנאשם לאישום,2661,כתב-האישום,854,א. כתב האישום וחזית המריבה,29,פתח דבר- כתב האישום,1322,טענת המאבקים הפוליטיים:,2585,1.     כתב האישום,1859,אישום שלישי,3232,כתב האישום,797,האישום הרביעי
8,סוף דבר,2959,יסוד ההכנה,-1,,2,2658,סוף דבר,1770,סוף דבר,2959,יסוד ההכנה,341,סוף דבר,1527,סוף דבר,2906,סוף דבר,1127,סוף דבר,96,סוף דבר,3295,סוף דבר,1268,סוף דבר
0,הכרעת דין,848,עבירת האינוס,-1,,1,610,הכרעת-דין,848,עבירת האינוס,1933,הכרעת דין,1390,הכרעת דין,2140,הכרעת דין,1881,הכרעת דין,1067,הכרעת דין,479,הכרעת דין,2716,הכרעת - דין,3098,הכרעת דין
0,הכרעת דין,2109,תגובת הנאשם לאישום,1,5.0,4,263,הכרעת דין,1707,הכרעת דין,1478,הכרעת דין,1550,הכרעת דין,2109,תגובת הנאשם לאישום,2250,הכרעת דין,3165,הכרעת דין,1254,הכרעת דין,939,הכרעת דין,2098,הכרעת דין
6,סיכום,1280,המישור הנורמטיבי,7,4.0,2,394,החלטה,301,מסקנה,1280,המישור הנורמטיבי,1364,סיכום,1118,לסיכום:,1606,סיכום,674,החלטה,945,לסיכום:,387,מבוא,374,מבוא
4,ראיות התביעה,1467,"
ראיות ההגנה ",5,9.0,9,3116,הדיון לגופו והמסקנות המתבקשות ממכלול העדויות,1709,5.		ראיות ההגנה,89,2. פלוגתאות טעונות הוכחה,1986,הראיות,2218,2.	גירסת ההגנה,1344,עדי תביעה נוספים,973,עדויות וראיות הצדדים,2641,הראיות,1374,עדויות חיזוק מצד הנאשמים,1467,"
ראיות ההגנה "
2,עדויות התביעה,3273,הכרעת דין,0,7.0,7,2065,חשיפת הפרשה והשתלשלות האירועים בטרם החקירה המשטרתית:,2799,מצבו של הפעוט בבוקר המקרה,2466,עדות הנאשם (ע.ה. 1),56,2. עדותה של המתלוננת לפני חוקרת הילדים,230,עדות החברה,91,1. עת' המתלוננת הקטינה נ',1342,מעשיו של הנאשם בר',3273,הכרעת דין,1410,חקירה נגדית,763,גרסת המתלוננת:
2,עדויות התביעה,1888,"7.	התנהלות ב""כ הנאשם:",3,6.0,9,2365,עדות סבתה של המתלוננת מצד האב - הגב' ס.מ.,1488,עדות בן זוגה של המתלוננת:,2256,עדותה של הפסיכולוגית שטיפלה במתלוננת,1028,החשיפה הנטענת באזני חברת הילדות של ----,1180,עדות רחל מרשה:,1296,עד הגנה מס' 3: משה ליסמן,621,חיזוקים ותמיכות לעדות המתלוננת,1205,שאלת משקלה של עדות המתלוננת.,1086,ובחזרה לחקירה הראשית,1888,"7.	התנהלות ב""כ הנאשם:"
4,ראיות התביעה,726,פתח דבר,-1,,3,1809,ראיות נסיבתיות נוספות המחזקות את זיהוי הנאשם:,2761,10.	ההכרעה,2974,"14.	תמצית עדותו בביהמ""ש",726,פתח דבר,1189,עניין מצלמות האבטחה:,2123,ראיות ההגנה:,1803,עדי ההגנה,48,פרשת התביעה:,2222,6.	סיוע .,1930,ראיות ההגנה
1,כתב האישום,1307,מהימנותה של המתלוננת,2,3.0,9,1462,עובדות כתב האישום,2076,האישום,1144,אישום שלישי:,3099,כתב האישום,1097,האישום השני,2382,עובדות כתב האישום,1326,תמצית עובדות כתב האישום,1810,אישום מס' 1:,1463,תגובת הנאשם לאישום,1307,מהימנותה של המתלוננת
0,הכרעת דין,678,מערכת היחסים בין המתלוננת לנאשם – עיקר התקופה,2,3.0,2,485,הכרעת דין,1093,הכרעת דין,678,מערכת היחסים בין המתלוננת לנאשם – עיקר התקופה,585,הכרעת דין,1378,הכרעת דין,868,הכרעת דין,3273,הכרעת דין,993,הכרעת דין,241,הכרעת דין,1573,הכרעת דין
1,כתב האישום,2905,סוף דבר,-1,,4,1142,אישום ראשון,82,תשובת הנאשם לכתב האישום:,929,האישום,107,כתב האישום,2905,סוף דבר,893,אישום עשרים ושבעה,1380,"5129371העובדות עפ""י כתב האישום:",2839,אישום עשרים וחמישה,2064,תשובת הנאשם לכתב האישום:,2964,רקע עובדתי
4,ראיות התביעה,2321,אישום ראשון,1,5.0,5,492,פרשת התביעה:,2622,ראיות התביעה,2900,העובדות עליהן אין מחלוקת,1860,4.	ראיות המאשימה,2133,עדי הגנה נוספים,2321,אישום ראשון,1533,ראיות ההגנה,2509,הערכת עדויות התביעה:,2766,תמצית טענות הגנה:,3068,תמצית סיכומי המאשימה
7,יסוד העבירה,2200,בשולי הדברים,-1,,3,1526,"""לא יישא אדם באחריות פלילית לעבירה אלא אם כן היא הוכחה מעבר לספק סביר",2029,כליאת שווא:,513,היסוד הנפשי – האם הנחת רגלו של הנאשם על גופו של המתלונן נעשתה לצורך גירוי מיני,2200,בשולי הדברים,3119,"יחסי תלות, מרות, חינוך, השגחה, עבודה או שירות",761,היסוד הנפשי,2730,"9.	דפוס התנהגות, מעשים דומים ושיטה",810,העבירות בהן יש להרשיע את הנאשם,1300,(ב) מעמד הזיהוי,760,מצב אחר המונע מתן הסכמה חופשית
3,עדות הנאשם,3134,דיון והכרעה,-1,,0,3134,דיון והכרעה,1490,גרסת הנאשם:,3317,גרסת הנאשם,687,תסקיר שירות המבחן,1305,הגרסאות ביחס לאירוע הנטען,953,גרסתו של הנאשם,2952,64.	שקרי הנאשם,1830,גרסתו של המתלונן,808,עדות הנאשם,2749,הסנגור:
3,עדות הנאשם,2890,אישום תשעה עשר,-1,,0,2890,אישום תשעה עשר,2977,ממצאים ומסקנות,2426,5.	גירסת הנאשם:,755,גרסות הנאשם,2853,גרסת הנאשם בנוגע לאישום השנים עשר,1800,גרסת הנאשם,2129,"ב""כ המאשימה:",149,הערכת עדות המתלוננת:,2025,עדות הנאשם:,2452,התלונה נגד הנאשם:
6,סיכום,1663,פילוג ההודאה – בזיקה לפרטים אותם אין מקום או אין הכרח לקבל,-1,,4,2683,סיכום,1149,הכרעה:,960,דיון ומסקנות:,599,דיון,1663,פילוג ההודאה – בזיקה לפרטים אותם אין מקום או אין הכרח לקבל,3261,סיכום,379,מבוא,2238,לסיכום,2070,מהימנות ח,2020,דיון ומסקנות:
7,יסוד העבירה,694,2. תשובת הנאשם לכתב האישום,1,5.0,0,694,2. תשובת הנאשם לכתב האישום,2404,העדר התנגדות מצד המתלונן,2094,עבירת מעשה מגונה:,2791,העבירות,1559,6) הרשעה בעבירת המעשה המגונה,965,עדות הלוקה בשכלו- המסגרת הנורמטיבית,3126,העדויות לעניין טענת הזוטא:,3054,עבירת מעשה מגונה,928,(4)	מחדלי החקירה,1476,עבירת תקיפה הגורמת חבלה חמורה ויסודותיה
6,סיכום,1750,1. עדות חוקרת הילדים,2,3.0,6,2517,הכרעה,457,"
סיכום",1665,מניע,2516,קינטור,665,ו.  סיכום,166,מבוא,1750,1. עדות חוקרת הילדים,1065,התוצאה,380,מבוא,1887,6.	דיון:
2,עדויות התביעה,1811,"זיהוי הנאשם ע""י המתלוננת ש""ס",2,3.0,1,312,בחינת הראיות בנוגע לד' (אישום חמישי),1811,"זיהוי הנאשם ע""י המתלוננת ש""ס",2531,העימות בין הנאשם למתלוננת,677,נסיבות פגישתם של המתלוננת והנאשם – ראשית הקשר,1293,עדת תביעה מס' 4: מרים אבסלנדר,859,ה. עדותה של או'.כ. – אם הקטין,2022,עדות המתלוננת:,2303,עדות כבושה,2529,"עדותו של רס""מ שקד",2254,עדות חוקרת הילדים
6,סיכום,1740,הסברו של הנאשם למימצאי הDNA,2,3.0,3,3275,מבוא:,2026,דיון:,2124,דיון:,1740,הסברו של הנאשם למימצאי הDNA,128,התוצאה,1459,ההכרעה,1932,מסקנה,793,רקע,382,מבוא,368,מבוא
7,יסוד העבירה,2474,דיון בקו ההגנה הרפואי,7,4.0,6,3096,עבירת ההדחה בחקירה,472,מעשה מגונה,67,4. הטענה לגבי הגנת השכרות,1433,האם ניתן לקבוע ברמת הוודאות הנדרשת שהנאשם הדביק את ע' באיידס?,3043,20.3	מעשים מגונים בא' ד',430,דרישת סיוע,2474,דיון בקו ההגנה הרפואי,1352,האם מעשיו של הנאשם מבססים את יסודות עבירות המין?,989,היסוד העובדתי,1937,הגנת שכרות
1,כתב האישום,3078,מהימנות גרסתו של ב.מ.,-1,,4,2773,כתב האישום,2108,האישום,841,תשובת הנאשם לכתב האישום וזירות המחלוקת,2823,אישום שביעי,3078,מהימנות גרסתו של ב.מ.,1928,תשובת הנאשם לאישום ויריעת המחלוקת,3233,תשובת הנאשם לכתב האישום,53,1. כתב האישום,881,אישום ארבעה עשר,872,אישום רביעי
4,ראיות התביעה,1952,א. המתלוננת,5,9.0,8,392,פרשת התביעה:,2941,חוות הדעת מטעם ההגנה,2018,ראיות תביעה שהוגשו בהסכמה:,1112,הדיון בראיות האישום השני:,2080,"השתלשלות העניינים עד כה, בקצרה",1999,פרשת ההגנה:,248,כבישת העדות,1901,5.	סיכומי ההגנה:,1952,א. המתלוננת,238,ניתוח הראיות
3,עדות הנאשם,83,העובדות,4,2.0,1,337,גירסת הנאשם – לא מהימנה ובחלקים הימנה - גם בלתי סבירה,83,העובדות,366,7.	סיכום הכרעת הדין,1200,הערכת עדויות וסיכומים,1583,גירסת הנאשם,2859,גרסת הנאשם בנוגע לאישום השמונה עשר,2849,גרסת הנאשם בנוגע לאישום השמיני,1481,הנאשם:,1975,עדות הנאשם בשנית לאחר הגשת תכתובת הפייסבוק:,764,גרסת הנאשם:
5,עדויות מטעם ההגנה,825,מן הכלל אל הפרט,-1,,8,1351,הכרעה הדין:,175,טיעוני ההגנה,2053,טיעוני הצדדים,2694,ראיות תביעה נוספות,3246,סקירת הראיות הרלוונטיות בתמצית,362,עדויות התביעה,2151,באשר לראיות ההגנה,639,סקירת ראיות התביעה,825,מן הכלל אל הפרט,2863,טיעוני הצדדים
7,יסוד העבירה,1537,ראיות התביעה,4,2.0,4,10,– שתיקה כביטוי לפחד ולמצוקה – אינה הסכמה.,2949,הרשעה על סמך ראיה מדעית אחת,299,עבירת האינוס,1139,הפן המשפטי:,1537,ראיות התביעה,1232,"		""נוהל רישומה של הודעת עד",1617,"האם העובדות הנ""ל מבססות עבירה?",2868,יסודות העבירה של קבלת דבר במרמה,1434,"המבחן החיצוני - ""דבר מה"" נוסף",606,החדרת אצבע לנרתיק ברפואה המשלימה
7,יסוד העבירה,3163,תוספות ראייתיות,-1,,2,936,העבירה של מעשה מגונה – היסוד הנפשי,664,ה.  פגיעה בזכויות הנאשם במהלך חקירתו במשטרה,3163,תוספות ראייתיות,7,""" – הסכמה המושגת בעקבות אלימות ואיומים מתמשכים",153,הוראות החיקוק והתקיימות הנסיבה המחמירה:,2738,סוף דבר לעניין מעשי האינוס,2596,עבירות ההדחה לסם,2870,שיטה ומעשים דומים,1903,ניתוח יסודות העבירה:,3208,"גם ביחס להתעללות הנאשם במתלוננת והכאתה כדבר שבשגרה, לאורך שנים."
3,עדות הנאשם,113,דר' צ'רניס,2,3.0,5,255,הסנגורית לעונש:,709,"15. העדר מהימנות הנאשם ועדי ההגנה סדי, טניה ושמעון אבוטבול.",1480,"ב""כ הנאשם טוענת לעונש:",2519,"ב""כ הנאשם:",2120,3. גירסת הנאשם,113,דר' צ'רניס,3254,החיזוקים לעדות המתלוננת והראיות התומכות בה,1558,5) הערכת גרסת הנאשם,1689,התובע טוען לעונש:,1910,"טענות ב""כ המאשימה "
1,כתב האישום,284,עימות בין המתלוננת ונאשם,2,3.0,9,3167,תשובת הנאשם לכתב האישום,1309,כתב האישום ותגובת הנאשם:,1,האישום,3061,תשובת הנאשם לאישומים,398,האישום השני,3197,כתב האישום:,874,אישום שישי,2717,1.	רקע כללי לכתב האישום,2158,2.	תגובת הנאשמים לכתב האישום,284,עימות בין המתלוננת ונאשם
2,עדויות התביעה,2653,הראיות,-1,,3,3072,עדות האב ד. מ.,678,מערכת היחסים בין המתלוננת לנאשם – עיקר התקופה,2182,"10. עדותה של ד""ר כהנא ",2653,הראיות,1295,עד הגנה מס' 2: יצחק שפיר (איציק),2324,עדות רבקה סגל,1292,עד תביעה מס' 3: רועי חבושה,1613,התנהגותה של המתלוננת במהלך האירוע,1920,2.	עדות המתלוננת אודות מעשה האונס,2733,גירסתה של הגב' רוזינה טספאי
4,ראיות התביעה,2628,"המזכירות תשלח את הכרעת הדין לב""כ הצדדים.",-1,,7,2091,ראיות הצדדים:,1257,3.	ראיות ההגנה:,1899,3.	ראיות ההגנה:,2379,טענות זוטא,319,עדויות נוספות מטעם התביעה,3185,עדויות נוספות מטעם התביעה,3067,הראיות בתיק לגופו במבט-על,2628,"המזכירות תשלח את הכרעת הדין לב""כ הצדדים.",1921,4.	ראיות המחזקות את עדות המתלוננת,215,הראיות
2,עדויות התביעה,1630,סקירה תמציתית של הראיות מטעם התביעה,-1,,2,1181,קצינת החקירות קרן טולדנו:,822,תיאורו של התוקף על ידי המתלונן,1630,סקירה תמציתית של הראיות מטעם התביעה,219,עדותו של השוטר עומרי צ'ובינסקי,3239,1.	  התנהגותה של המתלוננת לאחר האונס,2695,ע.ת אלעד מור יוסף:,2161,עדותה של סבטלנה,1615,הנסיעה ברכב לאחר האירוע,2023,מעבידה של המתלוננת - שמעון מלכה:,3019,11.9	השיחות עם בנותיה לאחר החשיפה
7,יסוד העבירה,2116,דיון והכרעה עובדתית ומשפטית,-1,,0,2116,דיון והכרעה עובדתית ומשפטית,2475,העבירות שהוכחו והיעדר הרשעה בעבירות כלפי האח:,3093,הפן המשפטי,2597,עבירות האלימות בהן מואשם הנאשם,2144,הפן המשפטי של יסודות העבירה,196,5.2. הוראות הדין ואופן פרשנותה של נורמה פלילית,2654,מעשה מגונה או הטרדה מינית – הכרעה,1847,המסקנה המשפטית – האם מדובר במעשה מגונה והיסוד הנפשי,1784,סיוע לעבירה של מעשה מגונה,125,ד.4. העבירה של מעשה מגונה
2,עדויות התביעה,1463,תגובת הנאשם לאישום,1,5.0,3,2,גרסת המתלוננת:,2486,החזרה מהחזרה (נ/9) והסברי המתלוננת  להתנהגותה,2032,המפגש בין המתלוננת לנאשם,1463,תגובת הנאשם לאישום,3258,מצבה הנפשי של המתלוננת,2484,"	הפגישה השנייה במשרד עו""ד גלעד-.11.9.2012",233,עדות האם,2110,תמצית גרסת המתלוננת,1502,א. עדותם של  מוחמד זמאערה ומוחמד אלדודה,3075,"עדות חוקר הילדים, מיכה הרן"
6,סיכום,3006,עכשיו אני מבינה שזה לא היה צחוק.,-1,,0,3006,עכשיו אני מבינה שזה לא היה צחוק.,418,סיכום,369,מבוא,2470,דיון והכרעה:,984,החלטה,831,השיניים,2360,סיכום ומסקנות:,1926,צו,2346,ההכרעה.,2308,תקיפה
1,כתב האישום,2154,התובעת:,3,6.0,9,1715,עובדות כתב האישום:,2621,כתב האישום,799,האישום השישי,815,הטענה המקדמית,2048,באישום הראשון,2216,1.	כתב האישום,3053,אישום 5,264,כתב האישום,2835,אישום עשרים ואחד,2154,התובעת:
2,עדויות התביעה,2791,העבירות,7,4.0,4,1075,"דיון בעבירה השניה, מיום 26.3.02",2460,עדותה של האם - ס',133,"אמה של  המתלוננת, גב' י.ט:",40,מהימנות המתלוננת:,2791,העבירות,2425,עדותה של ס.א -,1877,6.	מצבו הנפשי של המתלונן לאחר האירוע,715,ג. אירוע מיום 20.8.2017,3240,2.	תלונה מיידית של המתלוננת במשטרה,1294,עד הגנה מס' 1: הנאשם
6,סיכום,2649,שוד או גניבה,-1,,3,2074,סיכום,2139,החלטה,1314,דיון ומסקנות:,2649,שוד או גניבה,1491,דיון והכרעה:,1460,התוצאה,86,סיכום:,2492,סיכום,748,דיון,420,כללי
1,כתב האישום,1173,ההתרחשות בעת הנסיעה - אירוע הליבה:,-1,,5,1123,כתב האישום,54,2. המענה לכתב האישום,1479,"ב""כ המאשימה טוענת לעונש:",2718,"2.	פירוט האישומים בהם מואשם הנאשם עפ""י כתב האישום",2141,פרטי האישום ומעט מן הרקע העובדתי הצריך לעניינו,1173,ההתרחשות בעת הנסיעה - אירוע הליבה:,1169,תשובת הנאשם על כתב האישום:,1246,האישומים,1096,האישום הראשון,213,כתב האישום
8,סוף דבר,506,25.	הנאשם:,3,6.0,6,1007,סוף דבר,3336,סוף דבר,1804,סוף דבר,554,סוף דבר:,1191,סוף דבר:,1325,"
סוף דבר:",506,25.	הנאשם:,1572,סוף דבר,3272,סוף דבר,2715,סוף דבר:
0,הכרעת דין,1876,5.	אישיותו ורקעו של המתלונן,2,3.0,3,2511,הכרעת דין,1856,הכרעת דין,1995,הכרעת דין,1876,5.	אישיותו ורקעו של המתלונן,2088,הכרעת דין,1544,הכרעת דין,2970,הכרעת דין,1850,הכרעת דין,2078,הכרעת דין,1269,הכרעת דין
7,יסוד העבירה,821,הראיות בדבר נסיבות זיהויו של הנאשם ותיאורו על ידי המתלונן,2,3.0,8,1735,היסוד הנפשי שבעבירה:,2474,דיון בקו ההגנה הרפואי,1571,עבירת ההדחה בחקירה,340,2. העבירה של הטרדה מינית,1358,"האם ידיעתה ומחדלה של הנאשמת מהווים ""סיוע""?",3161,סוגיית ההגנה מן הצדק,1515,שהייה שלא כדין,209,מהכלל אל הפרט:,821,הראיות בדבר נסיבות זיהויו של הנאשם ותיאורו על ידי המתלונן,298,המסגרת המשפטית
6,סיכום,3259,אופן חשיפת האירועים,-1,,8,1618,לסיכום,767,סיכום:,1984,7.  סיכום,261,ואולם,866,י. תוצאה:,2174,ההכרעה,373,מבוא,2772,הכרעה,3259,אופן חשיפת האירועים,1279,דיון
3,עדות הנאשם,3281,סוף דבר:,8,8.0,0,3281,סוף דבר:,1506,בחינת גרסת הנאשם,3124,גירסת הנאשם:,743,"עו""ד איליה טוען לעונש:",598,עדות הנאשם,2619,"ב""כ הנאשם:",3253,בחינת גרסת הנאשם,1320,התרשמות מעדות הנאשם:,237,עדות חברו של הנאשם,338,סיכום המימצאים העובדתיים
4,ראיות התביעה,1658,ראיות הצדדים,5,9.0,4,3285,"
עדים נוספים מטעם התביעה ",3181,עדויות ההגנה,2990,8.	ראיות  התביעה,3216,4.	עדות נאשם,1658,ראיות הצדדים,1708,4.		ראיות המאשימה,699,7. עדות הנאשם,2538,טענות הצדדים בתמצית,1133,הפן העובדתי:,3244,2.	האישום
7,יסוד העבירה,150,האם נמצא סיוע לעדות המתלוננת?,-1,,5,3154,דרישת הסיוע,2381,עבירת הרצח,2678,"""379.   דין תקיפה סתם",635,הימנעות המשטרה מאיתורה של חן – מחדל חקירה:,2867,טענת ההגנה מן הצדק,150,האם נמצא סיוע לעדות המתלוננת?,2950,62.	נוכחות הנאשם בסביבת זירת העבירה,2095,הטרדה מינית:,1432,"הבקשה לעריכת בדיקה בחו""ל",199,5.5. יישום הוראות הדין בנסיבות המקרה
2,עדויות התביעה,181,מעשה מגונה,-1,,8,3103,עדות המתלוננת,1409,עדותה של אסתר (כעדת הגנה במשפט הזוטא),114,"ד""ר דוברוסין",996,גרסתו של נאשם מס' 1,1076,"בהשיבו לשאלות החוקר, רס""ל בן מוחה, ענה;",3256,עדות אמה של המתלוננת,281,ע.ת.4 – אחיה של המתלוננת,1875,4.	גרסתם של עדי הראיה למפגש האחרון והמתועד,181,מעשה מגונה,249,סיבת כבישת התלונה -
4,ראיות התביעה,2931,"""מסקנות:",-1,,5,1111,הדיון בראיות האישום הראשון:,842,ראיות התביעה,2206,פרשת ההגנה,3278,פרשת ראיות התביעה,1961,ראיות נוספות של המאשימה,2931,"""מסקנות:",2775,ראיות התביעה:,2111,ראיות ההגנה,1900,4.	סיכומי המאשימה:,855,ב. ראיות המאשימה – אמרות המתלונן - דיון:
3,עדות הנאשם,395,הערות,6,1.0,3,2104,8.	התנהגות הנאשם לאחר האירוע,2729,"8.	שקרי הנאשם, התנהגותו והודאותיו במשטרה ובביהמ""ש",1106,"ב""כ המאשימה:",395,הערות,2858,גרסת הנאשם בנוגע לאישום השבעה עשר,2019,גרסת הנאשם:,1799,גרסת הנאשם,1557,4) גרסת הנאשם,2848,גרסת הנאשם בנוגע לאישום השביעי,296,חיזוקים לעדות המתלוננת ומהימנותה
7,יסוד העבירה,594,:	יש לו סוג של כוח עליי,-1,,3,655,ניסיון למעשה מגונה,3045,22.	הטרדה מינית,2135,עבירת האיומים,594,:	יש לו סוג של כוח עליי,3173,הרשעת הנאשם על סמך עדות יחידה- האומנם?,581,מהי העבירה אותה עברו הנאשמים?,1761,4.	עבירת שיבוש מהלכי משפט,2626,זיכוי מהמעשים המגונים במהלך העיסויים,1569,"אעבור כעת ל""מסלול השני"" לפיו מיוחס לנאשם מעשה מגונה",1116,עבירות המעשה המגונה:
1,כתב האישום,938,סוף דבר,8,8.0,9,225,כתב האישום,1943,תגובת הנאשם לכתב האישום,2827,אישום שנים עשר,1627,תגובת הנאשם לכתב האישום,3225,להלן העובדות הנטענות בכתב האישום:,970,כתב האישום,901,אישום שלושים וחמישה,685,כתב האישום,1927,כתב האישום,938,סוף דבר
3,עדות הנאשם,1956,טיב היחסים בין הנאשם למתלוננת,-1,,3,2327,עדות הנאשם,997,עדי ההגנה של נאשם 1:,416,גירסת הנאשם,1956,טיב היחסים בין הנאשם למתלוננת,2855,גרסת הנאשם בנוגע לאישום הארבעה עשר,2184,עמדת המאשימה,97,כמפורט וכמיוחס לו  בכתב האישום.,2852,גרסת הנאשם בנוגע לאישום האחד עשר,2520,"ב""כ המאשימה:",1248,עדויות הנאשמים
4,ראיות התביעה,1281,בהסכמה שהושגה במרמה,7,4.0,4,1566,תמצית הכרעת הדין  (טרם הנמקה מפורטת),2299,פרשת המאשימה,192,4.2. ראיות המחזקות את עדותה המהימנה של המתלוננת,2092,טענות הצדדים:,1281,בהסכמה שהושגה במרמה,1546,הטענות המקדמיות:,1537,ראיות התביעה,843,ראיות ההגנה,2590,6.     ראיות התביעה,2180,יתר ראיות התביעה
6,סיכום,1969,עדות המתלוננת ביחס לשני האירועים האחרונים,-1,,9,988,דיון:,2505,לפני סיום,1561,ד) סיכום,2245,הדיון,931,רקע,1214,דיון,487,החלטה,3243,1.	 מבוא,384,מבוא,1969,עדות המתלוננת ביחס לשני האירועים האחרונים
2,עדויות התביעה,1948,מחדלי חקירה,-1,,9,346,"קבילות מסקנות חוקר ילדים, קבילות עדות שנקטעה ודרישת הסיוע",2501,המפגש השני – בעין חמד,283,ע.ת. 7 – סוויד שאול,1825,עדות חוקר הילדים,3151,זיהום בחקירת הילדה?,1642,עדותה של י',2525,עדות המתלוננת,2929,קבלת המוצגים במעבדה וסימונם – 2005,2707,גרסת המתלוננת,1948,מחדלי חקירה
8,סוף דבר,936,העבירה של מעשה מגונה – היסוד הנפשי,7,4.0,0,936,העבירה של מעשה מגונה – היסוד הנפשי,3059,סוף דבר,2612,סוף דבר,47,סוף דבר :,2117,סוף דבר,2684,סוף דבר,782,סוף דבר,161,סוף דבר,839,סוף דבר,262,סוף דבר
6,סיכום,1100,פרוטוקול,-1,,8,1244,התוצאה,611,רקע,813,סיכום,1620,דיון,516,התוצאה,584,התוצאה,3274,איסור פרסום:,3120,סיכום,1100,פרוטוקול,515,סיכום ומסקנות
4,ראיות התביעה,2275,אישום ראשון,1,5.0,7,1864,8.	הדיון,1754,1. עדות הנאשם,596,עדויות תביעה נוספות,1101,ראיות לעונש,59,5. עדות האם,1841,עדויות התביעה,2397,1. עדות המתלונן,2275,אישום ראשון,2442,פרשת התביעה:,671,8.	 הדיון ומסקנות
0,הכרעת דין,1110,"5129371העובדות עפ""י כתב האישום:",1,5.0,5,2037,הכרעת דין,488,הכרעת דין,1289,הכרעת דין,1108,הכרעת דין,211,הכרעת דין,1110,"5129371העובדות עפ""י כתב האישום:",87,הכרעת דין,1461,הכרעת דין,2175,הכרעת דין,555,הכרעת דין
7,יסוד העבירה,2566,טענת הנאשם:,-1,,5,2610,נסיון אונס בנסיבות מחמירות או תקיפה חבלנית,729,"האם הייתה המתלוננת חולת נפש או לקויה בשכלה, ובשל אלו לא הייתה הסכמתה לבעילה הסכמה חופשית והנאשם ניצל מצבה זה?",944,עבירות התקיפה:,1939,עבירת תקיפה סתם,1030,מעשים דומים כחיזוק,2566,טענת הנאשם:,943,העבירה של נסיון לאינוס:,1990,עבירת האינוס,2027,15.	מעשה מגונה:,937,שאלת מודעות הנאשם לאי-הסכמת המתלוננת
0,הכרעת דין,2156,מזכירות בית-המשפט תשלח עותק ההחלטה לשירות המבחן.,-1,,5,224,הכרעת דין,684,הכרעת דין,3175,הכרעת דין,315,הכרעת דין,1274,הכרעת דין,2156,מזכירות בית-המשפט תשלח עותק ההחלטה לשירות המבחן.,659,הכרעת דין,918,הכרעת דין,2240,הכרעת דין,1150,הכרעת דין
7,יסוד העבירה,498,כתב האישום,1,5.0,1,1699,עבירת הסחר,498,כתב האישום,1353,מעשה מגונה בכפייה,3056,היסוד הנפשי,179,סיוע לעבירה של מעשה מגונה,591,המישור הנורמטיבי,1355,אינוס וניסיון אינוס,3094,מעשי הסדום,1599,טענת הגנה: בעיות נפשיות של הנאשם,2380,עבירת האינוס שיוחסה לנאשם
6,סיכום,740,לסיכום:,6,1.0,1,1167,כללי:,740,לסיכום:,2440,המבוא:,2815,רקע כללי,1728,דיון,1807,סיכום ביניים,331,סיכום,811,החלטה,3210,סיכום,1120,דיון
1,כתב האישום,2969,סיכום,6,1.0,2,888,אישום עשרים ואחד,1157,"
כתב האישום",2969,סיכום,100,"5129371העובדות עפ""י כתב האישום:",3262,כתב האישום,768,הרקע העובדתי,1330,אישום רביעי,490,אישום ראשון,1623,אישום ראשון,2378,הקדמה – כתב האישום
6,סיכום,2541,כללי,6,1.0,0,2541,כללי,1166,סיכום הדברים,683,סיכום,2956,סיכום,1528,החלטה,1259,4.	דיון:,459,נתונים אישיים,1260,5.	הכרעה:,212,פתח דבר,2203,פתח דבר
3,עדות הנאשם,1267,עדות הנאשם:,3,6.0,3,790,עדות הנאשם :,1653,האזנות לטלפון בתאו של הנאשם בכלא,236,עדות הנאשם,1267,עדות הנאשם:,2084,"ב""כ המאשימה טוען לעונש:",2413,4.  דחיית קו ההגנה של הנאשם,2668,(ג) ממצאים ומסקנות לגבי האישום השני,1229,עדות הנאשם,195,5.1. העובדות הרלבנטיות ותמצית טיעוני הצדדים,3156,עדות הנאשם
6,סיכום,1271,עיקרי הראיות,4,2.0,0,1271,עיקרי הראיות,1511,סיכום,1868,החלטה,376,מבוא,3219,7.	סיכום,3220,החלטה,385,מבוא,1006,דיון,2075,דיון,1694,דיון
4,ראיות התביעה,1460,התוצאה,6,1.0,3,1489,עדויות השוטרים:,1383,הדיון בראיות האישום השלישי:,2143,ציר המחלוקת עובדות וסוגיות הטענות הוכחה ובירור,1460,התוצאה,493,פרשת ההגנה:,304,ראיות ההגנה,995,פרשת התביעה:,102,פרשת ההגנה:,450,טענות נוספות,1997,פרשת התביעה:
1,כתב האישום,361,הערות כלליות לראיות:,-1,,6,1099,האישום הרביעי,904,אישום שלושים ושמונה,878,אישום אחד עשר,214,תשובת הנאשם לכתב האישום,397,5129371מהות כתב האישום ורקע כללי,310,אישום שני – ק',361,הערות כלליות לראיות:,840,כתב האישום,769,עובדות כתב האישום,879,אישום שנים עשר
2,עדויות התביעה,1246,האישומים,1,5.0,0,1246,האישומים,1384,"עדותו של רפ""ק אהרון גלאור (להלן: ""גלאור""):",3070,האישום הראשון – הילד י.ק.,1291,עד תביעה מס' 2: אביו של המתלונן,1521,"למי ספרה המתלוננת על התקיפה המינית, מה ספרה ומתי?",1487,עדות המתלוננת:,502,מערכת היחסים בין הנאשם למ.,2591,עדות המתלוננת,1530,הערה מקדימה לעניין הערכת עדויות בעבירות מין,2197,מהימנות המתלוננת
6,סיכום,2158,2.	תגובת הנאשמים לכתב האישום,1,5.0,7,2331,סיכום,3226,סיכום:,1072,נתוני רקע;,2096,לסיכום:,2985,3.	מבוא,19,המיקום,314,סיכום,2158,2.	תגובת הנאשמים לכתב האישום,1064,סיכום,656,סיכום
3,עדות הנאשם,420,כללי,6,1.0,3,2976,תמצית דבריו בחקירה נגדית,2617,"ב""כ הנאשם:",1187,גרסת הנאשם:,420,כללי,577,גירסת הנאשמת,406,גירסת הנאשם,1974,גרסת הנאשם,2000,הגירסאות לאירוע:,2780,גרסת הנאשם,977,עדות הנאשם
6,סיכום,1798,מאיר אוטמזגין,-1,,5,2375,לסיכום פרק זה,489,כללי:,2077,דיון,1095,דיון,712,הש' ר.אבידע,1798,מאיר אוטמזגין,2041,עידית,590,דיון,830,המבטא,1772,ההליך
3,עדות הנאשם,718,ז. טענות הסנגור,4,2.0,2,2510,הערכת עדויות ההגנה:,745,הנאשם:,718,ז. טענות הסנגור,2014,ס. הנשיא נ. הנדל:,2085,"ב""כ הנאשם טוען לעונש:",1456,העימות בין הנאשם לבין ש',1775,גרסת הנאשם,504,23.	הנאשם :,2459,דיון -  עדות הנאשם:,3287,עדות הנאשם
3,עדות הנאשם,752,מבוא,6,1.0,8,744,"עו""ד חלאילה טוען לעונש:",1936,עדות הנאשם:,634,גרסת הנאשם:,1306,מהימנותו של הנאשם,1690,הסניגור טוען לעונש:,663,ד.  גירסת הנאשם,2503,טענת ההגנה של הנאשם - הצלקת,105,"עו""ד זייתון:",752,מבוא,505,המעשים בדירת אם הנאשם בלוד:
2,עדויות התביעה,334,אלה נימוקיי,-1,,1,259,חיזוקים בראיות נוספות לגירסתה המהימנה של המתלוננת,334,אלה נימוקיי,2355,מועד הגשת התלונה:,1641,אישום ראשון – רצח סילביה מולרובה המנוחה,2229,מהימנות גרסת המתלוננת,171,עדות יעקב פרץ,1179,עדות זהבה מלואלן:,1811,"זיהוי הנאשם ע""י המתלוננת ש""ס",863,בהודעתו מתאריך 21.10.15 (ת/2) מסר,132,"חוקרת הילדים, גב' ג'ולייט קייט:"
7,יסוד העבירה,570,אישומים ראשון ושני:,-1,,7,739,עבירת מעשה מגונה:,525,מרמה באשר למהות המעשה,1354,תקיפה מינית,2358,עבירת ההטרדה המינית:,2306,מעשה מגונה,3137,מחדלי חקירה,66,3. הרשעה על פי עדות יחידה וחיזוקים נוספים,570,אישומים ראשון ושני:,3227,המסגרת הנורמטיבית:,339,"היסודות המשפטיים של העבירות, מולאו"
3,עדות הנאשם,2514,דגימת הדם,-1,,0,2514,דגימת הדם,2573,טענות הנאשם:,2750,התובעת:,2854,גרסת הנאשם בנוגע לאישום השלושה עשר,2211,ממצאים ומסקנות,426,גירסת הנאשם,2712,ראיות שהובאו לחיזוק גרסת הנאשם,1616,יחסי המין ברכב – הערכת הגרסאות לאור מידת מהימנותן וראיות חיצוניות,566,9.	עדת הגנה 2 – אשת הנאשם,613,גירסת הנאשם:
2,עדויות התביעה,635,הימנעות המשטרה מאיתורה של חן – מחדל חקירה:,7,4.0,8,975,עדויות אנשים שעבדו במקום,1373,עדויות חיזוק לעדות המתלוננת,1247,גירסתה של המתלוננת,2024,אביה של המתלוננת:,1258,"	עה/2 – ד""ר דריו ורטניק (להלן: ""המומחה""):",807,עדויות אנדריי והמתלוננת,2323,עדות ש.,1612,שתיית אלכוהול במהלך האירוע,635,הימנעות המשטרה מאיתורה של חן – מחדל חקירה:,92,3.עדת התביעה – גב' אילה גושן – חוקרת הילדים
3,עדות הנאשם,1527,סוף דבר,8,8.0,9,959,גרסת הנאשם:,2291,גרסת הנאשם,170,גרסת הנאשם,2312,גרסת הנאשמים,2271,עדות הנאשם,627,שקריו של הנאשם,3115,גירסתו של הנאשם,800,תשובת הנאשם,471,מהימנות גרסת המתלוננת אל מול גרסת הנאשם:,1527,סוף דבר
0,הכרעת דין,1888,"7.	התנהלות ב""כ הנאשם:",3,6.0,1,2498,הכרעת דין,1888,"7.	התנהלות ב""כ הנאשם:",458,הכרעת הדין,408,הכרעת דין,1736,הכרעת דין,1302,הכרעת דין,258,הכרעת דין,1156,הכרעת-דין,2732,הכרעת דין,1536,הכרעת דין
7,יסוד העבירה,1222,העדויות מטעם המאשימה,-1,,1,1992,העבירות הנוספות,1222,העדויות מטעם המאשימה,1721,עבירת המעשה המגונה,592,בהסכמה שהושגה במרמה,1386,עבירות המעשה המגונה:,1475,"
עבירת האינוס ויסודותיה:",251,העבירה - מעשה מגונה –,65,2. הטענה לגבי האירוע הראשון,1513,(1)	שלא בהסכמתה החופשית,1164,היבטים משפטיים
1,כתב האישום,235,ראיות ההגנה,5,9.0,9,2841,אישום חמישה עשר,556,1. האישום:,1486,כתב האישום:,1367,כתב האישום,2764,איסור פרסום,2349,תשובת הנאשם:,2838,אישום עשרים וארבעה,1332,אישום שישי,1609,תגובת הנאשם לכתב האישום,235,ראיות ההגנה
6,סיכום,483,דיון והכרעה,-1,,6,1993,לסיכום,2778,דיון:,961,7.	לסיכום:,2107,פתח- דבר,1917,החלטה,2741,סיכום,483,דיון והכרעה,3288,דיון,3131,רקע כללי,2337,הדיון המשפטי:
0,הכרעת דין,796,האישום השלישי,1,5.0,2,753,הכרעת דין,1681,הכרעת דין,796,האישום השלישי,1909,הכרעת דין,419,הכרעת דין,98,הכרעת דין,2660,הכרעת דין,2781,הכרעת דין,3224,הכרעת דין,2157,הכרעת דין
2,עדויות התביעה,108,ב. גדר המחלוקת,4,2.0,5,857,ג. עדותו של אוהד בן דוד – עד ראייה,2527,עדותה של מ',347,עדות ל' בפני חוקרת הילדים,1027,הטענה בדבר החשיפה בפני ---- כאשר ---- הייתה בת 10,1978,א.- חברתה של המתלוננת,108,ב. גדר המחלוקת,1227,"8.	עד התביעה - רס""ל אלכסנדר חרצ'נקו",966,ניתוח עדותה של המתלוננת,3178,עדותה של א,2266,עדות המתלוננת
0,הכרעת דין,2043,(3)    עדותו של בעלה של עידית  וההקלטה ת/1,2,3.0,7,946,הכרעת דין,969,הכרעת דין,2046,הכרעת דין,2202,הכרעת דין,1788,הכרעת דין,2753,הכרעת דין,2680,הכרעת דין,2043,(3)    עדותו של בעלה של עידית  וההקלטה ת/1,201,הכרעת דין,0,הכרעת דין
8,סוף דבר,260,פירוט ראיות החיזוק,4,2.0,2,2584,סוף דבר,3281,סוף דבר:,260,פירוט ראיות החיזוק,1950,סוף דבר,2201,סוף דבר,269,סוף דבר,1688,סוף דבר,2714,סוף דבר,1234,סוף דבר,78,סוף דבר
4,ראיות התביעה,581,מהי העבירה אותה עברו הנאשמים?,7,4.0,8,2335,פרשת התביעה:,734,פרשת התביעה:,2431,העובדות:,3143,"השתלשלות העניינים עד כה, בקצרה",3251,המחלוקת בין הצדדים,2583,3. המענה,2675,טענות המאשימה,84,פרשת ההגנה:,581,מהי העבירה אותה עברו הנאשמים?,1501,חיזוקים לעדות המתלוננת וראיות התומכות בה
4,ראיות התביעה,620,עדות המתלוננת,2,3.0,1,2471,דיון בראיות הישירות:,620,עדות המתלוננת,1547,פרשת התביעה:,2747,ד. סיכומים,2179,5. עדות המתלוננת,1685,עתירות הצדדים,344,הראיות,3286,פרשת ההגנה,2105,9.	טענת העלילה,58,4. עדות המחנכת
2,עדויות התביעה,757,הערכת הראיות,4,2.0,5,787,המאבטח יעקב בן הרוש:,2786,שינוי הגרסה על-ידי המתלוננת,2708,מהימנות המתלוננת,1977,מ. – אחות המתלוננת,620,עדות המתלוננת,757,הערכת הראיות,3188,העדר התנגדות מצד המתלוננת,1897,הודעת מעיין מיום 27/3/2007 הוגשה וסומנה נ/3.,1614,מצבה של המתלוננת לאחר סיום האירוע,2146,סיוע לעדות הקטינה
7,יסוד העבירה,2878,אישומים חמישי ועשרים וארבעה,-1,,1,2138,הדחה בחקירה בנסיבות מחמירות,2878,אישומים חמישי ועשרים וארבעה,2210,העבירה של תקיפה הגורמת חבלה ממשית,1233,הפן המשפטי,1319,העדר מניע זר:,353,היסוד הנפשי:,758,עבירות האינוס ומעשה הסדום,1734,היסוד העובדתי של העבירה:,1639,"	יסודות עבירת הרצח – לרבות ""הכוונה תחילה""",72,המחשבה הפלילית בעבירת הנסיון להטרדה מינית
5,עדויות מטעם ההגנה,2992,8.3	הקשר החם עם הנאשם,-1,,6,3247,פרשת התביעה,2655,האם הופרו תנאי מעצר הבית,2054,עיקר טיעוני ההגנה,597,ראיות ההגנה,285,5. עדויות הגנה,323,"	ניתן אפוא לקבוע  כי בדיקה גינקולוגית במקרה זה היתה נחוצה ונדרשת,  ובוודאי אפשרית וסבירה,  ולא חריגה. ",2992,8.3	הקשר החם עם הנאשם,1988,(6)	הבאתו לידי השתתפות בפרסום תועבה או בהצגת תועבה,1084,3.	ראיות התביעה,90,פרשת התביעה וראיותיה
0,הכרעת דין,505,המעשים בדירת אם הנאשם בלוד:,3,6.0,9,1283,הכרעת דין,333,הכרעת דין,357,הכרעת דין,390,הכרעת דין,3121,הכרעת דין,1366,הכרעת-דין,2002,הכרעת דין,667,הכרעת דין,1600,הכרעת דין,505,המעשים בדירת אם הנאשם בלוד:
2,עדויות התביעה,2272,דיון,6,1.0,0,2272,דיון,1598,"חיזוק 4 – ע', אמו של א'",1896,"	דו""ח אירוע מושב ברקת הוגש וסומן ת/11",50,הורי המתלוננת:,2526,עדותו של דרור,3177,עדותה של נ':,2160,עדות המתלוננת,2407,עדותה של לובה ספיבק,2722,השתלשלות העובדות וגירסת המתלוננת,2904,האישום בתקיפת הבת ל'
6,סיכום,1089,5.	קביעת מהימנות וממצאים,-1,,9,1729,התוצאה,395,הערות,371,מבוא,2748,ה. מסקנות,2564,לסיכום:,692,החלטה,2692,התוצאה,2779,סיכום ביניים,2338,לסיכום:,1089,5.	קביעת מהימנות וממצאים
2,עדויות התביעה,2604,הכרעת דין,0,7.0,3,3201,האירועים לאחר הולדת הבת הבכורה,1944,על קורותיה של המתלוננת באותו ערב,3153,הערכת עדות הילדה,2604,הכרעת דין,2568,"חאלד ק., אביו של המתלונן (עמ' 144 לפרוטוקול):",3133,עדות המתלוננת ג.ד.,2973,"13.	תמצית הודעתו במשטרה, ת/10 ",1876,5.	אישיותו ורקעו של המתלונן,1792,אישום ראשון- האירועים מיום 27/09/06.,3187,"הסיבה לפנייתה של המתלוננת לקבלת טיפול ב""הילינג"
6,סיכום,1356,מעשה סדום וניסיון למעשה סדום,7,4.0,7,152,סיכום ביניים:,1562,ההכרעה:,1477,"
התוצאה ",396,סיכום,3324,סיכום ביניים,2392,לסיכום,1771,מבוא,1356,מעשה סדום וניסיון למעשה סדום,1838,מבוא,378,מבוא
6,סיכום,1345,מעשים דומים,-1,,0,1345,מעשים דומים,1949,התוצאה,2239,התוצאה:,32,סיוע,386,מבוא,160,מסקנות,713,הש' מ.ברנט,381,מבוא,1066,סיכום-,2052,ציר המחלוקת :
6,סיכום,552,"חוות דעתו של ד""ר אסף כספי",-1,,8,1140,סיכום הדברים,1902,6.	דיון:,370,מבוא,2957,העבירות,3194,ס י כ ו ם,1301,(ד) מספר הערות לסיום,2713,דיון,2272,דיון,552,"חוות דעתו של ד""ר אסף כספי",2309,התוצאה
4,ראיות התביעה,2269,עדות המתלוננת ביחס לאישום השלישי,2,3.0,7,1287,ראיות ההגנה:,280,4. עדי תביעה,2865,טיעוני ההגנה,460,טענות הצדדים,680,ראיות נוספות,191,4.1. מהימנות המתלוננת,2178,3.העובדות שאינן שנויות במחלוקת,2269,עדות המתלוננת ביחס לאישום השלישי,3106,עדות עד תביעה 2,1278,הראיות
6,סיכום,119,רחל איתן- פסיכולוגית קלינית,2,3.0,3,1769,6. 	לסיכום,2186,דיון,2616,דיון החלטה,119,רחל איתן- פסיכולוגית קלינית,865,ט. סיכום ומסקנות:,389,מבוא,274,ההכרעה:,2541,כללי,2196,דיון,1485,החלטה
4,ראיות התביעה,1687,מן הכלל אל הפרט,7,4.0,1,168,הראיות,1687,מן הכלל אל הפרט,2073,העדויות,1125,העדויות,670,"7.	טענות משפטיות של ב""כ הנאשם .",2420,2. 	הראיות:,3265,העובדות:,2719,3.	גירסת הנאשם והמחלוקות,2681,הראיות,2864,טיעוני התביעה
2,עדויות התביעה,608,האם המתלוננת הסכימה למעשה,2,3.0,8,561,הערכת המהימנות על ידי חוקרת הילדים:,2785,חשיפת האירועים בפני האם ותגובת האם,441,גירסת י. להתנהגותה לאחר האונס,3257,עדות המתנדב בבית הכנסת – אליהו אוזן,560,"הערות לחקירה ע""י חוקרת הילדים:",1341,ידיעתה של הנאשמת,2257,עדות הפסיכולוג מטעם ההגנה,1597,"חיזוק 3 – ש', אביו של א'",608,האם המתלוננת הסכימה למעשה,3018,11.8	ביקור הדוד בוינה
4,ראיות התביעה,875,אישום שביעי,1,5.0,6,2588,4.     דחיית טענת אי-השפיות,2293,ראיות התביעה,765,הערכת העדויות:,3235,עדי ההגנה,2223,7.	קביעת העובדות,2966,ראיות התביעה,875,אישום שביעי,2008,הערכת עדויות הצדדים,619,ראיות תביעה נוספות:,1256,2.	ראיות המאשימה
2,עדויות התביעה,2533,עדות הנאשם,5,9.0,4,2364,"חוות דעתה ועדותה של חוקרת הילדים, גב' רחל נחום ",3074,"עדות המטפלת, הגב' רבקה סגל",401,גירסת המתלוננת,3255,עדות המוכר בקיוסק – מר שמואל כהן,2533,עדות הנאשם,1851,עדות ויויאן עזרן:,2044,(4)   עדויותיהן של רונית אליהו ורונית חכם,205,היכרותו של הנאשם עם המתלוננת:,231,עדות הפסיכולוגית,2011,1.	  התנהגותה של המתלוננת לאחר האונס
3,עדות הנאשם,2978,תאור הקטינה,-1,,9,2620,התובע:,1808,גרסת הנאשם,1267,עדות הנאשם:,124,ד.3. אי העדת הנאשם,2473,סיכום והערכת עדות הנאשם וזו של רעייתו:,602,גרסת הנאשם,482,גרסת הנאשם,1206,גרסת הנאשם,4,גרסת הנאשם:,2978,תאור הקטינה
1,כתב האישום,2953,65. מחדלי חקירה,-1,,9,2631,התשובה לאישום,883,אישום שישה עשר,2494,עובדות כתב האישום:,1263,אישום שלישי:,3060,כתב האישום,2428,כתב האישום,902,אישום שלושים ושישה,1098,האישום השלישי,2121,האישום,2953,65. מחדלי חקירה
4,ראיות התביעה,310,אישום שני – ק',1,5.0,4,2132,פרשת ההגנה,5,מהימנות:,16,פרשת התביעה,789,ראיות ההגנה:,310,אישום שני – ק',1087,עדת התביעה ליאת ברמן,2287,ראיות נוספות,2294,ראיות ההגנה,1998,עדי התביעה:,1311,ראיות התביעה – חיזוקים לעדות המתלוננת:
1,כתב האישום,1451,גרסת המתלוננת ש',-1,,2,884,אישום שבעה עשר,28,איסור פרסום,1451,גרסת המתלוננת ש',1143,אישום שני:,2820,אישום רביעי,3062,משפט הזוטא,1730,פן משפטי לעבירות נשוא כתב האישום:,880,אישום שלושה עשר,754,כתב האישום,1608,עיקרי הנטען בכתב האישום
7,יסוד העבירה,1200,הערכת עדויות וסיכומים,3,6.0,4,3172,טענות לאי התאמות נוספות בגרסאות המתלוננות,1512,המסגרת הנורמטיבית,1820,ד. הטרדה מינית:,34,מחשבה פלילית,1200,הערכת עדויות וסיכומים,3044,21.	מעשה מגונה בפומבי:,777,עבירות האלימות,2224,8.	יסודות העבירה,2595,עבירות מין שלא בהסכמת המתלוננת,707,13. הזדמנות סבירה להתגונן
1,כתב האישום,2022,עדות המתלוננת:,2,3.0,2,2836,אישום עשרים ושניים,869,אישום ראשון,2022,עדות המתלוננת:,1393,כתב האישום,1010,האישום השלישי: לגבי -----,414,האירוע השני,891,אישום עשרים וחמישה,316,כתב האישום,480,כתב האישום ותשובת הנאשם,885,אישום שמונה עשר
4,ראיות התביעה,3324,סיכום ביניים,6,1.0,3,2421,3.	עדות המתלוננת:,2605,ראיות המאשימה,2508,פרשת ההגנה:,3324,סיכום ביניים,1929,ראיות התביעה,1286,פרשת ראיות התביעה:,2300,פרשת ההגנה,717,ו. האישומים הכלליים,757,הערכת הראיות,247,מאזן הגרסאות -
6,סיכום,2265,רקע כללי,-1,,1,1796,החלטה,2265,רקע כללי,70,7. סיכום,1837,סיכום ומסקנות,1822,ד. תוצאה,1545,כללי:,257,החלטה,1534,ההכרעה,2036,לסיכום,372,מבוא
2,עדויות התביעה,2205,פרשת התביעה,4,2.0,9,1138,"בדיקת טלי על ידי ד""ר קוגל",1503,ב. עדות בני הזוג רביד,284,עימות בין המתלוננת ונאשם,465,גרסת המתלוננת:,2784,הערה כללית לעניין חזרה מתלונה ומעדות,2010,החיזוקים לעדות המתלוננת,2757,6.	האירועים שהתרחשו בקרוואן,1833,עדות מ',1215,העד מ.ד העיד,2205,פרשת התביעה
7,יסוד העבירה,2119,2. ראיות התביעה,4,2.0,0,2119,2. ראיות התביעה,2951,"63.	""התנהגות מפלילה"" של הנאשם, הבריחה מאשדוד",851,נסיבות ביצוע המעשה כמלמדות על כוונה פלילית,197,"5.3. פרשנות המונח ""בן זוג""- היבטים לשוניים, עיוניים ומעשיים",3109,אי חקירת הנאשם במשטרה כחשוד בעבירה של פגיעה בפרטיות,1848,הרשעה על סמך עדות יחידה,1219,מן הכלל אל הפרט,719,ח. הכרעה – הטענות העובדתיות,2137,עבירת התקיפה,802,הערכת מהימנות מתלוננות בעבירות מין
3,עדות הנאשם,2859,גרסת הנאשם בנוגע לאישום השמונה עשר,3,6.0,0,2859,גרסת הנאשם בנוגע לאישום השמונה עשר,2769,הנאשם,320,עדות הנאשם,51,גרסת הנאשם:,2504,טענות נוספות של הנאשם:,2164,עדותו של נאשם 1,2412,3.  גרסת הנאשם,2128,"ב""כ הנאשם",2373,4.	שקרי הנאשם:,751,"
ראיות נוספות ושקרי הנאשם"
2,עדויות התביעה,514,מעשיו של הנאשם בשנת 2001 – ניסיון למעשה סדום או מעשה מגונה:,7,4.0,9,612,גירסת המתלוננת,2687,עדות המתלוננת,2252,עדות החברה - יפעת אלקיים,1225,"6.	עד התביעה - רס""ל מטווי סקלייר",1791,"אישום שני- אירוע הצעה בעלת אופי מיני , בחניה.",1718,"אליעזר הררי (להלן: ""הנאשם""):",1846,העובדה שהמתלוננת לא התנגדה ולא הפסיקה את מעשיו של הנאשם,3073,"עדות האם, גב' ש.מ.",3186,עדויות העדים אלי נאמן וציונה בן נחום,514,מעשיו של הנאשם בשנת 2001 – ניסיון למעשה סדום או מעשה מגונה:
7,יסוד העבירה,35,סוף דבר,8,8.0,6,1121,פגיעה בפרטיות,593,(2)  בחינת ענייננו,42,יסודות העבירות באישום הראשון:,527,יסודותיה של עבירת מין שבוצעה במרמה,267,המסגרת הנורמטיבית,1783,מעשה מגונה,35,סוף דבר,1854,לעניין הימנעות מהבאת ראייה:,1640,יסודות עבירת החטיפה,1242,לעניין האישום בהדחה בחקירה
4,ראיות התביעה,1964,ראיות נוספות מטעם הנאשם,-1,,7,3168,ראיות הצדדים,2615,הראיות העיקריות:,1004,ראיות התביעה,2589,5.     גדרי המחלוקות,2122,ראיות המאשימה:,2334,הראיות:,1602,פרשת התביעה,1964,ראיות נוספות מטעם הנאשם,1755,2. עדות האם,2496,ראיות המאשימה:
2,עדויות התביעה,3021,13. 	ג' ד' - אבי המתלוננות,2,3.0,0,3021,13. 	ג' ד' - אבי המתלוננות,3021,13. 	ג' ד' - אבי המתלוננות,1290,עד תביעה מס' 1: המתלונן,2269,עדות המתלוננת ביחס לאישום השלישי,1177,עדות נתן אדיסו:,2469,"מומחה רפואי מטעם בית-המשפט - ד""ר מיכה רגולסקי",958,גרסת המתלוננת:,2340,עדות המתלוננת.,118,פרופ' טיאנו,3284,עדות המתלונן
7,יסוד העבירה,2908,כתב האישום,1,5.0,5,474,כליאת שווא:,682,העבירות שהוכחו:,198,"5.4. פרשנות המונח ""בן זוג""- היבטים משפטיים",3292,המקומות בהם בוצעו המעשים,2305,הפן המשפטי,2908,כתב האישום,838,אי ביצוע חיפוש במקום מגוריו של הנאשם,473,התעללות בקטין:,1474,עבירת מעשה סדום ויסודותיה,178,מעשה מגונה
4,ראיות התביעה,3232,כתב האישום,1,5.0,3,311,עדי תביעה נוספים,83,העובדות,1113,הדיון בראיות האישום השלישי:,3232,כתב האישום,108,ב. גדר המחלוקת,1861,5.	ראיות ההגנה,1012,מסכת הראיות,1885,4.	סיכומי המאשימה:,364,עדויות ההגנה:,1839,המסמכים
2,עדויות התביעה,3237,עד ההגנה אולג נצ'ייב,2,3.0,7,2268,עדות המתלוננת ביחס לאישום השני,921,"	ע""ת/2 - רס""ר מאיר זנאטי",1717,עדות המתלוננת:,940,המתלוננת,1029,סיכום ביניים לגבי החשיפה הנטענת בילדות של -----,2723,5.	עדותה של ננה,2639,מסדרי הזיהוי וזיהוי הנאשם – הכרעה,3237,עד ההגנה אולג נצ'ייב,1217,עדותו של י.,1188,גרסתו של אריה לביא (אברמוב):
1,כתב האישום,24,פרשת ההגנה,5,9.0,3,2276,אישום שני,3282,הוראות החיקוק,783,תשובת הנאשם וגרסתו:,24,פרשת ההגנה,1068,"תיאור  האישומים, המיוחסים לנאשם בכתב האישום:",2829,אישום חמישה עשר,1262,"
אישום שני:",816,התשובה לאישום,1824,האישום,2217,הוראות החיקוק שלפיהן מואשם הנאשם:
2,עדויות התביעה,2211,ממצאים ומסקנות,3,6.0,9,821,הראיות בדבר נסיבות זיהויו של הנאשם ותיאורו על ידי המתלונן,131,עדות המתלוננת בפני חוקרת הילדים,1193,(ב) עדותה של האם,2424,עדותה של צ.א.-,2423,עדותה של ו.ב.,1137,"""ידיעת"" גילה של טלי",1716,"חאלד וישאחי (להלן: ""חאלד"")",2284,עדות המתלוננת,716," ה. אירוע ""הציפורניים""- כשנתיים לפני 24.8.2017",2211,ממצאים ומסקנות
7,יסוד העבירה,1951,4.	עיקרי ראיות המאשימה,5,9.0,7,21,יסוד ההסכמה,1991,תחולת הדין הישראלי על עבירות-חוץ,766,ההיבט המשפטי:,942,עבירות האיומים:,607,נסיבות ביצוע המעשה כמלמדות על כוונה פלילית,2246,אישום ראשון- מעשה מגונה באדם,43,כליאת שווא:,1951,4.	עיקרי ראיות המאשימה,1878,"7.	הטענה בדבר ""מעשה דומה""",1207,האישום השני – ההדחה בחקירה
4,ראיות התביעה,1035,סיכום לגבי האישום הראשון,-1,,8,2507,פרשת התביעה:,2350,ראיות המאשימה:,432,ראיות סיוע נוספות,202,ראיות התביעה:,1469,מטעם ההגנה הוגשו:,2342,פרשת ההגנה.,2560,הראיות מטעם התביעה:,2166,"6.	טיעוני ב""כ הצדדים",1035,סיכום לגבי האישום הראשון,2601,מטעם ההגנה הוגשו הראיות הבאות
7,יסוד העבירה,2158,2.	תגובת הנאשמים לכתב האישום,1,5.0,1,1914,כליאת שווא,2158,2.	תגובת הנאשמים לכתב האישום,313,בחינת הראיות ביחס לא'  (אישום שישי),601,הטענה המקדמית פגם או פסול בכתב האישום,3055,היסוד העובדתי,2807,החבלה בפי הטבעת,1744,מחדלי חקירה,1357,מעשה מגונה וניסיון למעשה מגונה,330,אופן ביצוע השלב השני של הבדיקה (בכריעה),688,סיום ההליך בלא הרשעה - הכלל
2,עדויות התביעה,129,ראיות התביעה,-1,,5,2363,עדות המתלוננת בפני חוקרת הילדים,3204,מספר ימים לפני עזיבת המתלוננת את הנאשם,661,ב. שאלת מהימנותה של המתלוננת,860,ו. עדותו של דוד גולן סבהי – ידידו של האב,952,האישום לגבי הקטין מ',129,ראיות התביעה,429,"האם היתה ""חדירה""?",1153,ע.ת מס' 2- עידן ביטון:,2930,חוות הדעת משנת 2005,2530,"עדותו של רס""ר טובים"
2,עדויות התביעה,1775,גרסת הנאשם,3,6.0,4,2267,עדות המתלוננת ביחס לאישום הראשון,1567,"עדותו של המתלונן ע""א",1947,זהותו של התוקף,119,רחל איתן- פסיכולוגית קלינית,1775,גרסת הנאשם,3104,הערכת עדות המתלוננת,3017,11.6 	אירוע פארדיס,3020,"12. 	עדות ט' ש', חברתה של ת' ד'",427,ד י ו ן - עדותו של הקטין בפני חוקרת הילדים,2698,עד התביעה החוקר שרון אדרי
6,סיכום,1783,מעשה מגונה,7,4.0,2,388,מבוא,1821,ה. מסקנות,1783,מעשה מגונה,200,6. סיכום,2278,העימות,666,ההכרעה,544,מסקנות,204,דיון,383,מבוא,572,ההכרעה:
6,סיכום,1481,הנאשם:,3,6.0,1,600,פלוני,1481,הנאשם:,629,ההכרעה,2079,מבוא,2040,דיון ומסקנות,2497,דיון,955,סיכום,1194,סיכום,994,כללי:,867,החלטה
2,עדויות התביעה,535,כשל בייצוג והתנכלות מערכת המשפט על כל שלוחותיה,-1,,0,535,כשל בייצוג והתנכלות מערכת המשפט על כל שלוחותיה,2487,עדותה של המתלוננת בפנינו,3071,האישום הראשון – הילד ב.מ.,786,החוקרת עדן בוכריס:,1750,1. עדות חוקרת הילדים,2800,מצבו של הפעוט לאחר שובו מחדר הכושר,950,האישומים לגבי הקטין י',2017,"גרסת פן, בן-זוגה דאז של המתלוננת:",660,א. עדות המתלוננת בפני חוקרת הילדים,363,עדותה של המתלוננת
0,הכרעת דין,2445,טענות הצדדים:,4,2.0,0,2445,טענות הצדדים:,2332,הכרעת דין,1823,הכרעת דין,2282,הכרעת דין,463,הכרעת - דין,2686,הכרעת דין,806,הכרעת דין,2310,הכרעת דין,2598,הכרעת דין,1196,הכרעת דין
2,עדויות התביעה,46,הפרעה לשוטר במילו תפקידו:,-1,,9,218,עדות אמם של הקטינים א.א.וש.א.,1845,הקביעה העובדתית – היכן בדיוק נגע הנאשם במתלוננת?,3152,האם הילדה זיהתה את הנאשם,858,ד. עדותו של א.כ.– אבי הקטין,920,"	ע""ת/1 - רס""ר לנדסקורן צביה",2253,עדות החברה - מיקה,2567,עדות המתלונן,856,ת/4 – טופס סיכום עדות המתלונן:,39,מצבו הנפשי של הנאשם לאחר האירוע מיום 16/5/06:,46,הפרעה לשוטר במילו תפקידו:
4,ראיות התביעה,2819,אישום שלישי,1,5.0,1,1603,פרשת ההגנה,2819,אישום שלישי,2777,16.	השאלה המשפטית,819,תמצית סיכומי ההגנה,642,פרשת ההגנה,2237,טענות נוספות:,1871,סקירת חומר הראיות,1470,עיקרי טענות הצדדים:,1711,7.		סיכומי ההגנה,662,ג.  סיוע
7,יסוד העבירה,2421,3.	עדות המתלוננת:,4,2.0,8,475,חטיפה לשם כליאה:,3095,המעשים המגונים,759,העדר הסכמה חופשית,1218,הפן המשפטי,2670,(א) הוכחת התרחשותו של המעשה המגונה באישום הראשון,8,""" – ההסכמה חייבת להתייחס למגע מיני. ",68,5. יסודות העבירה של מעשה מגונה בנסיבות מחמירות,850,החדרת אצבע לנרתיק ברפואה המשלימה,2421,3.	עדות המתלוננת:,2136,מעשה מגונה תוך שימוש בכוח
1,כתב האישום,2701,איסור פרסום,1,5.0,1,2090,"5129371העובדות עפ""י כתב האישום :",2701,איסור פרסום,80,איסור פרסום,2821,אישום חמישי,1185,כתב האישום ותשובת הנאשם לאישום:,770,תשובת הנאשם לאישומים ותמצית קו ההגנה,1518,קו ההגנה,2793,רקע כללי וכתב האישום,1517,רקע ועובדות האישום,2512,תשובת הנאשם לכתב האישום והמפנה בסיכומים
8,סוף דבר,39,מצבו הנפשי של הנאשם לאחר האירוע מיום 16/5/06:,2,3.0,7,35,סוף דבר,2263,סוף דבר,1308,סוף דבר,1831,סוף דבר,2274,סוף דבר,436,סוף דבר,1543,סוף דבר,39,מצבו הנפשי של הנאשם לאחר האירוע מיום 16/5/06:,690,סוף דבר,223,סוף דבר
3,עדות הנאשם,2358,עבירת ההטרדה המינית:,7,4.0,1,756,חוות דעת מומחה מטעם הנאשם,2358,עבירת ההטרדה המינית:,64,1. ממצאי מהימנות וניתוח הראיות,1175,גרסת הנאשם:,349,עדות הנאשם,2155,הסניגור:,2153,הבהרת בית-המשפט :,1801,גרסת הנאשם,1842,גרסת הנאשם וראיות ההגנה,2850,גרסת הנאשם בנוגע לאישום התשיעי
4,ראיות התביעה,441,גירסת י. להתנהגותה לאחר האונס,2,3.0,4,203,ראיות ההגנה,1271,עיקרי הראיות,2765,תמצית עדויות עיקריות:,1382,הדיון בראיות האישום השני:,441,גירסת י. להתנהגותה לאחר האונס,1520,פרשת התביעה ובמרכזה עדות המתלוננת,1722,עדות כבושה:,1753,4. עדות חוקר המשטרה,1171,מערך הראיות וניתוחו:,2699,פרשת ההגנה
7,יסוד העבירה,2333,המבוא:,-1,,2,927,(1)	השיהוי בהגשת התלונה,2948,מניעת אפשרות ביקורת מטעם ההגנה (התכלות חומרים),2333,המבוא:,1938,עבירת מעשה מגונה בפומבי,524,אינוס ומעשים מגונים במרמה – המסגרת הנורמטיבית,2281,יסודות עבירת האינוס:,2671,(ב) שאלת ההוכחה של זהות הנאשם כמבצע העבירה באישום הראשון,3057,עבירת הפגיעה בפרטיות,11,– השתעבדות וכניעה – אינה הסכמה,329,אופן ביצוע השלב הראשון של הבדיקה (על הגב)
5,עדויות מטעם ההגנה,3183,אישום ראשון,1,5.0,1,1658,ראיות הצדדים,3183,אישום ראשון,1210,ראיות התביעה,2326,עדויות הגנה,1071,"דיון בראיות הצדדים, ממצאים ומסקנות.",1228,העדויות מטעם הנאשם,1105,טיעונים לעונש:,3305,התנהלותה של המתלוננת ודבריה בפני גורמים שונים,1025,החשיפה הנטענת המוקדמת,1376,היבטים משפטיים של העבירות
2,עדויות התביעה,2340,עדות המתלוננת.,2,3.0,1,2302,הערכת חוקר הילדים,2340,עדות המתלוננת.,2464,"התפתחויות המאוחרות לעדות המתלוננת, בעלות השלכה על מצבה הרפואי ",2513,מעשי הנאשם והתנהגותו לאחר שדקר את המנוח,57,3. עדותה של חוקרת הילדים,941,מצבה הנפשי של המתלוננת:,1576,3.	עדותה של המתלוננת,1152,עדות המתלוננת ואמרותיה:,727,"האם החדיר הנאשם, במהלך האירוע, את אצבעותיו ו/או איבר מינו לאיבר מינה של המתלוננת?",481,עדות המתלונן
3,עדות הנאשם,1491,דיון והכרעה:,6,1.0,2,978,הערכת מהימנות עדותו של הנאשם,1855,"ב""כ הצדדים:",1491,דיון והכרעה:,3206,אמרות הנאשם במשטרה,2152,מהימנות עדות הנאשם,1088,4.	גרסת הנאשם,2759,8.	התנהגות הנאשם לאחר האירוע,2198,מהימנות הנאשם,220,גירסת הנאשם,3155,ראיות נוספות התומכות באמיתות עדות הילדה
1,כתב האישום,1150,הכרעת דין,0,7.0,9,438,אישום שני – המתלוננת א',2297,התשובה לאישום,892,אישום עשרים ושישה,796,האישום השלישי,1985,האישומים,464,האישום:,1869,כתב האישום ותשובת הנאשם,1131,כתב האישום:,886,אישום תשעה עשר,1150,הכרעת דין
2,עדויות התביעה,3153,הערכת עדות הילדה,2,3.0,0,3153,הערכת עדות הילדה,1204,מצבה הנפשי של המתלוננת,679,סיום הקשר - חשיפת הפרשה,632,עדות אביה של המתלוננת:,2162,עדותה של קטיה,1104,"עדת אופי מס' 1, גב' סולימן יונה, מוזהרת כחוק:",3318,"עדותה של פ', אשת הנאשם",216,עדותו של א.א.,861,ז. פרשת ההגנה - דיון,1026,הטענה בדבר החשיפה בפני ---- כאשר ---- היתה בת 10
3,עדות הנאשם,2265,רקע כללי,-1,,6,1272,דיון בעדויות ובטענות הצדדים בסיכומיהם,1873,גרסת הנאשם לאירועים,297,עדות הנאשם,1548,גרסת הנאשם:,780,גרסת הנאשם,1161,עדויות חיזוק מצד הנאשם - העדות בפנינו ואמרותיו במשטרה,2265,רקע כללי,2711,גרסת הנאשם,2435,עדות המתלוננת ועדויות התומכות בה,791,אמרותיו במשטרה:
3,עדות הנאשם,834,מחדלי החקירה,-1,,9,470,גרסת הנאשם:,1888,"7.	התנהלות ב""כ הנאשם:",25,הנאשם:,2857,גרסת הנאשם בנוגע לאישום השישה עשר,453,גירסת הנאשם ביחס למתלוננת א.,933,גרסת הנאשם וראיות ההגנה,3144,טענות ההגנה של הנאשם,967,מהימנות עדות הנאשם,1468,גרסת הנאשם:,834,מחדלי החקירה
7,יסוד העבירה,2301,דיון,-1,,0,2301,דיון,2672,(ג) מסקנות לגבי האישום הראשון,990,היסוד הנפשי:,1356,מעשה סדום וניסיון למעשה סדום,1560,7) הרשעה בעבירת הרמזים המגונים,1117,הטרדה מינית:,1568,עבירות מעשה מגונה,1541,עבירת המעשה המגונה,689,מן הכלל אל הפרט,3118,היסוד הנפשי שבעבירה
1,כתב האישום,1326,תמצית עובדות כתב האישום,1,5.0,3,1622,פירוט עובדות כתב האישום,1069,אישום ראשון;,44,האישום השני:,1326,תמצית עובדות כתב האישום,1327,אישום ראשון:,1284,תמצית עובדות כתב האישום:,895,אישום עשרים ותשעה,733,"העובדות עפ""י כתב האישום: ",3123,טענת הזוטא שבפי הנאשם:,1261,אישום ראשון:
4,ראיות התביעה,375,מבוא,6,1.0,2,3236,הערכת עדויות הצדדים,1756,3. עדויות החברות,375,מבוא,101,פרשת התביעה :,3217,5.	התרשמות,2119,2. ראיות התביעה,1532,ראיות המאשימה,2341,יתר ראיות התביעה.,2066,פרשת ראיות התביעה,266,עיקרי טענות הצדדים
7,יסוד העבירה,1740,הסברו של הנאשם למימצאי הDNA,2,3.0,4,1915,תקיפה הגורמת חבלה,720,ט.העבירות הנגזרות מן התשתית העובדתית המוכחת,2329,זיהום – ספציפי,1570,עבירות זיוף כדי לקבל דבר ושימוש במסמך מזוייף,1740,הסברו של הנאשם למימצאי הDNA,2871,עבירות המין המיוחסות לנאשם,1282,(2)  בחינת ענייננו,1377,היסוד הפיזי בעבירת האינוס,3321,עדויות מתלוננות בעבירות מין,3174,הטענות למחדלי חקירה
1,כתב האישום,969,הכרעת דין,0,7.0,8,2383,תגובת הנאשם לאישום,3132,תשובת הנאשם לכתב האישום,2701,איסור פרסום,1221,כתב אישום ותשובת הנאשם,2021,העובדות בכתב האישום:,1919,1.	כתב האישום,899,אישום שלושים ושלושה,1009,האישום השני: לגבי ----,969,הכרעת דין,1070,אישום שני
3,עדות הנאשם,2665,האישום השני,-1,,9,3182,סיכום הכרעת הדין:,2258,עדות הנאשם,507,31.	הנאשם:,254,באת כוח המאשימה:,2851,גרסת הנאשם בנוגע לאישום העשירי,1199,גרסת הנאשם:,33,שקרי הנאשם,1051,גרסת הנאשם,2283,גירסת נאשם,2665,האישום השני
1,כתב האישום,854,א. כתב האישום וחזית המריבה,1,5.0,9,439,האישום הראשון,971,תשובת הנאשם לכתב האישום,1817,א. כתב-האישום וזירת המחלוקת,3166,עובדות כתב האישום,1626,8.	אישום רביעי,356,האישומים,870,אישום שני,2275,אישום ראשון,875,אישום שביעי,854,א. כתב האישום וחזית המריבה
2,עדויות התביעה,188,2.4. ראיות נילוות,-1,,4,1740,הסברו של הנאשם למימצאי הDNA,2255,עדות הוריה של המתלוננת,2768,המתלוננת,2102,6.	האירועים שהתרחשו בקרוואן,188,2.4. ראיות נילוות,728,האם הייתה המתלוננת שרויה במצב המונע ממנה לתת הסכמה חופשית והנאשם ניצל מצבה זה?,3237,עד ההגנה אולג נצ'ייב,2797,עדות יאיר לוי,852,האם המתלוננת הסכימה למעשה,562,6.	עדותה של אם המתלוננת – ע.ת. 2
1,כתב האישום,929,האישום,1,5.0,1,794,האישום הראשון,929,האישום,2321,אישום ראשון,798,האישום החמישי,2908,כתב האישום,81,תמצית עובדות כתב האישום,1797,כתב האישום,649,כתב האישום ותשובת הנאשם,1857,אישום ראשון,2109,תגובת הנאשם לאישום
4,ראיות התביעה,2681,הראיות,4,2.0,0,2681,הראיות,2007,עדי ההגנה,1381,הדיון בראיות האישום הראשון:,2243,סיכומי המאשימה,336,מענה לטענות ההגנה,157,טענות ההגנה,1819,ג. טעות במצב דברים,1556,3) הערכת גרסת ח.ס.,2336,פרשת ההגנה:,2241,4. 	ראיות המאשימה
1,כתב האישום,1173,ההתרחשות בעת הנסיעה - אירוע הליבה:,-1,,4,1747,עובדות כתב האישום המתוקן,2522,כתב האישום,569,האישום החמישי:,1333,תשובת הנאשמים לכתב האישום,1173,ההתרחשות בעת הנסיעה - אירוע הליבה:,1132,תגובת הנאשם לכתב האישום:,2005,תשובת הנאשם לכתב האישום,2495,תשובת הנאשם לכתב האישום:,897,אישום שלושים ואחד,877,אישום תשיעי
7,יסוד העבירה,1058,הגרסה שנמסרה ל ----,-1,,9,2550,האישום באינוס המתלוננת - סיכום,982,מעשה מגונה תוך שימוש בכוח,2357,עבירת המעשה המגונה:,9,""" אי הסכמה מכללה",2947,מניעת חומר חקירה מההגנה,653,"האם ליטוף בלחי הוא ""מעשה מגונה""",1745,הרשעה במעשים מגונים,69,6. הדחה בחקירה,461,שיקולים לחומרא ולקולא,1058,הגרסה שנמסרה ל ----
1,כתב האישום,924,"	ע""ה/1 - מר אסף בר ציון - הנאשם",-1,,7,1328,אישום שני,898,אישום שלושים ושניים,1624,6.	אישום שני,1996,"העובדות עפ""י כתב האישום:",882,אישום חמישה עשר,890,אישום עשרים וארבעה,498,כתב האישום,924,"	ע""ה/1 - מר אסף בר ציון - הנאשם",2702,עיקרי עובדות כתב האישום,2986,4.	עובדות כתב האישום
6,סיכום,1601,רקע,-1,,9,3164,סיכום,127,ה. סיכום,3142,מבוא,2429,"""חלק כללי",375,מבוא,1165,סיכום,367,מבוא,411,דיון,1607,סיכום,1601,רקע
